<?xml version="1.0" encoding="UTF-8"?>
<!DOCTYPE suite SYSTEM "http://testng.org/testng-1.0.dtd" >

<suite name="Suite1">
	<parameter name="cloud" value="your cloud"/>
	<parameter name="userN" value="your username"/>
	<parameter name="userPw" value="your pw"/>

   <test name="test1">
 	<parameter name="OperSys" value="Android"/>
	<parameter name="device" value="00C114C9217295CF"/>
	<parameter name="pkgName" value="com.google.android.keep"/>
      <classes>
         <class name="Test.KeepTest" />
      </classes>
   </test>
</suite>
